Liam,Flores,1990-05-18,31,Male,555-9876,321 Cedar St,23.75
Mia,Ross,1983-10-12,38,Female,555-2345,654 Oak St,26.75
Logan,Butler,1987-03-06,35,Male,555-5432,987 Elm St,27.00
Amelia,Bryant,1994-11-30,27,Female,555-8765,123 Birch St,22.25
Lucas,Ford,1981-02-14,41,Male,555-3456,456 Maple St,29.50
Evelyn,Washington,1993-07-01,28,Female,555-6789,789 Pine St,24.50
Oliver,Lopez,1986-12-28,35,Male,555-4321,234 Cedar St,26.25
Harper,Wright,1990-05-17,31,Female,555-7890,567 Elm St,23.00
Benjamin,Hill,1984-10-10,37,Male,555-8765,890 Maple St,28.25
Ava,Perez,1992-03-24,29,Female,555-2345,123 Pine St,25.50
Leo,Evans,1989-08-08,32,Male,555-5678,456 Oak St,26.75
Sofia,Gray,1995-01-03,27,Female,555-9876,789 Cedar St,21.75
Jack,Turner,1982-04-19,39,Male,555-6789,234 Birch St,24.75
Chloe,Kelly,1987-09-15,34,Female,555-3456,567 Maple St,25.25
Daniel,Hall,1994-06-02,27,Male,555-8765,890 Pine St,22.00
Madison,Rogers,1981-11-26,40,Female,555-4321,123 Elm St,27.25
Natalie,Hill,1991-08-09,30,Female,555-7890,234 Elm St,24.75
Kevin,Moore,1980-03-27,41,Male,555-3456,567 Maple St,27.50
Olivia,Martin,1994-06-14,27,Female,555-8765,890 Pine St,23.25
Ryan,Young,1987-11-18,34,Male,555-2345,123 Cedar St,26.25
Sophia,Lee,1990-04-02,31,Female,555-4321,456 Oak St,22.75
Jason,Wright,1983-09-29,38,Male,555-5678,789 Birch St,25.75
Ella,Turner,1995-02-12,27,Female,555-9876,321 Maple St,21.50
Brandon,Cooper,1982-07-26,39,Male,555-6789,654 Pine St,24.00
Ava,Gonzalez,1989-01-15,33,Female,555-5432,987 Elm St,26.75
Jacob,Ramirez,1984-05-03,37,Male,555-8765,123 Oak St,28.50
Emma,Ward,1992-10-20,29,Female,555-2345,456 Birch St,25.25
Nicholas,Fisher,1986-12-07,35,Male,555-3456,789 Elm St,27.25
Grace,Cruz,1993-03-22,28,Female,555-7890,234 Cedar St,23.50
Matthew,Reed,1979-06-08,42,Male,555-4321,567 Pine St,29.25
Lily,Barnes,1988-09-25,33,Female,555-5678,890 Oak St,24.25
John,Doe,1980-05-15,42,Male,555-1234,123 Main St,25.50
Jane,Smith,1985-08-21,36,Female,555-5678,456 Oak St,28.75
Robert,Johnson,1992-02-10,30,Male,555-9876,789 Elm St,20.00
Emily,Williams,1988-11-03,33,Female,555-4321,321 Pine St,22.00
Michael,Brown,1975-07-18,48,Male,555-8765,654 Birch St,30.00
Sarah,Miller,1990-04-25,31,Female,555-2345,987 Maple St,27.00
Daniel,Davis,1983-09-12,38,Male,555-6789,234 Cedar St,26.50
Amanda,Jackson,1987-12-08,34,Female,555-3456,789 Pine St,24.50
Christopher,Smith,1982-06-30,39,Male,555-5432,123 Oak St,23.00
Melissa,Anderson,1995-03-14,27,Female,555-8765,456 Elm St,21.00
George,Clark,1978-01-20,44,Male,555-2345,789 Maple St,29.00
Jennifer,White,1989-10-05,32,Female,555-7890,234 Cedar St,25.00
David,Taylor,1986-04-17,35,Male,555-4321,567 Pine St,26.00
Stephanie,Harris,1993-07-22,29,Female,555-9876,890 Oak St,22.50
William,Thomas,1984-12-01,37,Male,555-6789,123 Birch St,28.00